<?xml version="1.0"?>
<doc>
    <assembly>
        <name>GoIOdotNET</name>
    </assembly>
    <members>
        <member name="T:GoIOdotNET.GoIO">
            <summary>
            	The GoIO class provides an application program with full access to the data acquisition capabilities built
            	into the Go family of devices, which include the Go! Link, Go! Temp, Go! Motion, and Vernier Mini GC devices. 
                This class is a very thin managed code wrapper around the unmanaged GoIO DLL library.
            	The GoIO class API is fairly broad, so knowing where to start is hard. The documentation for the 
            	GoIO_Sensor_Open() and the GoIO_Sensor_SendCmdAndGetResponse() functions are good starting places.
            <para>
            	Refer to the GoIO_ParmBlk class for the command and response data structures passed into GoIO_Sensor_SendCmdAndGetResponse().
            </para>
            <para>
            The GoIOdotNet XML docs are a work in progress. More complete documentation can be found in the GoIO_DLL_interface.h file.
            </para>
            </summary>
        </member>
        <member name="F:GoIOdotNET.GoIO.TIMEOUT_MS_DEFAULT">
            <summary>
            TIMEOUT_MS_DEFAULT is the recommended timeout in milliseconds for most commands sent to the hardware 
            via GoIO_DeviceSendCmdAndGetResponse(). Note that this timeout is much longer than the expected execution time
            of GoIO_DeviceSendCmdAndGetResponse() for most commands, which is about 50 milliseconds.
            </summary>
        </member>
        <member name="F:GoIOdotNET.GoIO.TRACE_SEVERITY_LOWEST">
            <summary>
            GoIO_Diags_SetDebugTraceThreshold() threshold parameter value. Setting debug trace threshold to 
            TRACE_SEVERITY_LOWEST causes the most messages to be sent to the debug console.
            </summary>
        </member>
        <member name="M:GoIOdotNET.GoIO.Init">
            <summary>
            Call GoIO_Init() once before any other GoIO_ calls are made.
            GoIO_Init() and GoIO_Uninit() should be called from the same thread.
            <para>
            Currently, only one application at a time may successfully communicate with Go devices.
            If separate apps call GoIO_Init() before calling GoIO_Uninit(), generally only the first one to 
            invoke GoIO_Init() will find devices when it calls GoIO_UpdateListOfAvailableDevices() and GoIO_GetNthAvailableDeviceName().
            </para>
            <para>
            The GoIOdotNet XML docs are a work in progress. More complete documentation can be found in the GoIO_DLL_interface.h file.
            </para>
            </summary>
            <returns> 0 iff successful, else -1.</returns>
        </member>
        <member name="M:GoIOdotNET.GoIO.Uninit">
            <summary>
            Call GoIO_Uninit() once to 'undo' GoIO_Init().
            GoIO_Init() and GoIO_Uninit() should be called from the same thread.
            </summary>
            <returns>0 iff successful, else -1.</returns>
        </member>
        <member name="M:GoIOdotNET.GoIO.GetDLLVersion(System.UInt16@,System.UInt16@)">
            <summary>
            This routine returns the major and minor version numbers for the instance of the GoIO library that is
            currently running.
            
            If a function is not guaranteed to be present in all supported versions of the GoIO library, then the line
            "Added in version 'major.minor'" will appear in the function description in this file.
            
            It is our intention that all versions of the GoIO library created subsequent to a given version, will be
            backwards compatible with the older version. You should be able to replace an old version of the GoIO library
            with a newer version and everything should still work without rebuilding your application.
            
            Note that version major2.minor2 is later than version major1.minor1 
            iff. ((major2 > major1) OR ((major2 == major1) AND (minor2 > minor1))).
            
            Backwards compatibility is definitely our intention, but we do not absolutely guarantee it. If you think
            that you have detected a backwards compatibility bug, then please report it to Vernier Software and Technology.
            Calling GoIO_GetDLLVersion() from your application is a way to identify precisely which version of
            the GoIO library you are actually using.
            </summary>
            <param name="MajorVersion"></param>
            <param name="MinorVersion"></param>
            <returns></returns>
        </member>
        <member name="M:GoIOdotNET.GoIO.UpdateListOfAvailableDevices(System.Int32,System.Int32)">
            <summary>
            The GoIO library maintains a separate list of available devices for each supported device type.
            GoIO_UpdateListOfAvailableDevices() updates the list for the specified device type.
            
            </summary>
            <param name="vendorId">[in] USB vendor id</param>
            <param name="productId">[in] USB product id</param>
            <returns>0 iff successful, else -1.</returns>
        </member>
        <member name="M:GoIOdotNET.GoIO.GetNthAvailableDeviceName(System.Text.StringBuilder,System.Int32,System.Int32,System.Int32,System.Int32)">
            <summary>
            Return the Nth entry in the list created by UpdateListOfAvailableDevices().
            A device is placed in the list snapshot even if it has already been opened.
            
            Pass the device name string placed in devnameBuf to GoIO_Sensor_Open() to open the device. Each
            device name string uniquely identifies the device, so you can determine if a device is already open
            by comparing devnameBuf with the string returned by GoIO_Sensor_GetOpenDeviceName() for each open
            device handle.
            </summary>
            <param name="devnameBuf">[out] buffer to store device name string. Allocate this with a capacity of GoIO.MAX_SIZE_Sensor_NAME.</param>
            <param name="bufSize">[in] Set this to the capacity of devnameBuf.</param>
            <param name="vendorId">[in] USB vendor id</param>
            <param name="productId">[in] USB product id</param>
            <param name="N">[in] index into list of known devices, 0 => first device in list.</param>
            <returns>0 iff successful, else -1.</returns>
        </member>
        <member name="M:GoIOdotNET.GoIO.Sensor_Open(System.String,System.Int32,System.Int32,System.Int32)">
            <summary>
            <para>
            Open a specified Go! device with the name returned by GoIO_GetNthAvailableDeviceName.
            If the device is already open, then this routine will fail.
            </para>
            <para>
            In addition to establishing basic communication with the device, this routine will initialize the
            device. Each GOIO_SENSOR_HANDLE sensor object has an associated DDS memory record. If the physical 
            sensor being opened is a 'smart' sensor with its own physical DDS memory, then this routine will copy
            the contents of the memory on the device to the sensor object's DDS memory record. If the physical 
            sensor does not have DDS memory, then the associated DDS memory record is set to default values appropriate
            for the type of sensor detected.
            </para>
            <para>
            The following commands are sent to Go! Temp devices by GoIO_Sensor_Open():
            </para>
            <para>
            SKIP_CMD_ID_INIT,
            </para>
            <para>
            SKIP_CMD_ID_READ_LOCAL_NV_MEM. - read DDS record(same as GoIO_Sensor_DDSMem_ReadRecord()).
            </para>
            <para>
            The following commands are sent to Go! Link and Vernier Mini GC devices by GoIO_Sensor_Open():
            </para>
            <para>
            SKIP_CMD_ID_INIT,
            </para>
            <para>
            SKIP_CMD_ID_GET_SENSOR_ID,
            </para>
            <para>
            SKIP_CMD_ID_READ_REMOTE_NV_MEM, - read DDS record if this is a 'smart' sensor(same as GoIO_Sensor_DDSMem_ReadRecord()).
            </para>
            <para>
            SKIP_CMD_ID_SET_ANALOG_INPUT_CHANNEL. - based on sensor EProbeType, which is either VSTSensorDDSMemRec.kProbeTypeAnalog5V
            or kProbeTypeAnalog10V.
            </para>
            <para>
            SKIP_CMD_ID_GET_SENSOR_ID is superfluous when sent to the Mini GC, but the Mini GC is implemented internally
            as a Go! Link with a fixed sensor plugged in.
            </para>
            <para>
            Only SKIP_CMD_ID_INIT is sent to Go! Motion by GoIO_Sensor_Open(). Go! Motion does not contain DDS memory, but this routine
            initializes the sensor's associated DDS memory record with calibrations for both meters and feet.
            </para>
            <para>
            Since the device stops sending measurements in response to SKIP_CMD_ID_INIT, an application must send
            SKIP_CMD_ID_START_MEASUREMENTS to the device in order to receive measurements. See description of GoIO_Sensor_ReadRawMeasurements().
            </para>
            <para>
            At any given time, a sensor is 'owned' by only one thread. The thread that calls this routine is the
            initial owner of the sensor. If a GoIO() call is made from a thread that does not own the sensor object
            that is passed in, then the call will generally fail. To allow another thread to access a sensor,
            the owning thread should call GoIO_Sensor_Unlock(), and then the new thread must call GoIO_Sensor_Lock().
            
            </para>
            </summary>
            <param name="deviceName">[in]name returned by GoIO_GetNthAvailableDeviceName()</param>
            <param name="vendorId">[in] USB vendor id</param>
            <param name="productId">[in] USB product id</param>
            <param name="strictDDSValidationFlag">[in] insist on exactly valid checksum if 1, else use a more lax validation test.</param>
            <returns>handle to open sensor device if successful, else NULL.</returns>
        </member>
        <member name="M:GoIOdotNET.GoIO.Sensor_ClearIO(System.IntPtr)">
            <summary>
            GoIO_Sensor_ClearIO()
            </summary>
            <param name="hSensor"></param>
            <returns></returns>
        </member>
        <member name="M:GoIOdotNET.GoIO.Sensor_SendCmdAndGetResponse(System.IntPtr,System.Byte,System.IntPtr,System.UInt32,System.IntPtr,System.UInt32@,System.Int32)">
            <summary>
            GoIO_Sensor_SendCmdAndGetResponse() is a low level function that most .NET code should not use directly.
            Use one of the GoIO_Sensor_SendCmdAndGetResponseN() helper functions instead.
            </summary>
            <param name="hSensor"></param>
            <param name="cmd"></param>
            <param name="parameters"></param>
            <param name="nParamBytes"></param>
            <param name="response"></param>
            <param name="nRespBytes">size of of response buffer on input, # of bytes copied into response buffer on output</param>
            <param name="timeoutMs"></param>
            <returns>0 if successful, else -1.</returns>
        </member>
        <member name="M:GoIOdotNET.GoIO.Sensor_SendCmdAndGetResponse1(System.IntPtr,System.Byte,System.Object,System.Object@,System.UInt32@,System.Int32)">
            <summary>
            Send a command to the specified device hardware and wait for a response. 
            <para>
            The protocol that is used to communicate with the Go devices via the GoIO_Sensor_SendCmdAndGetResponse() function is documented in the
            GoIO_ParmBlk class.
            </para>
            <para>
            Note that GoIO_Sensor_SendCmdAndGetResponse() will fail if you send a CMD_ID_START_MEASUREMENTS
            command while GoIO_Sensor_GetNumMeasurementsAvailable() says measurements are available. 
            </para>
            <para>
            So...if you are restarting measurements, you should clear any old measurements in the GoIO Measurement 
            Buffer first by reading in the measurements until the Buffer is empty, or you should call GoIO_Sensor_ClearIO().
            </para>
            <para>
            Every command supported by GoIO_Sensor_SendCmdAndGetResponse() has an associated response. If no response
            specific to a command is defined, then the format of the response is GoIODefaultCmdResponse. Some commands
            have associated parameter blocks defined for them.  See GoIO_ParmBlk.
            </para>
            <para>
            If GoIO_Sensor_SendCmdAndGetResponse() returns -1, additional information about a GoIO_Sensor_SendCmdAndGetResponse() 
            error may be obtained by calling GoIO_Sensor_GetLastCmdResponseStatus().
            </para>
            </summary>
            <param name="hSensor">[in] handle to open device.</param>
            <param name="cmd">[in] command code.</param>
            <param name="parameters">[in] cmd specific parameter block</param>
            <param name="response">[out] response block</param>
            <param name="nRespBytes">[out] num of bytes passed back in the response block. 
            Caller does not need to initialize this with the size of response block(as unmanaged code does) because the dotNET
            wrapper does so.
            </param>
            <param name="timeoutMs">[in] # of milliseconds to wait for a reply before giving up. Most devices should reply to 
            almost all the currently defined commands within GoIO.TIMEOUT_MS_DEFAULT milliseconds. In fact, typical response
            times are less than 50 milliseconds. </param>
            <returns>0 if successful, else -1.</returns>
        </member>
        <member name="M:GoIOdotNET.GoIO.Sensor_SendCmdAndGetResponse2(System.IntPtr,System.Byte,System.Object,System.Int32)">
            <summary>
            Sensor_SendCmdAndGetResponse2() is the same as Sensor_SendCmdAndGetResponse1() except that no response block is
            returned by the function(even though some sort of response always comes back from the device unless there is a 
            communication failure). This is reasonable if the caller only cares about when the function succeeds or fails, 
            which can be determined from the return value.
            </summary>
            <param name="hSensor"></param>
            <param name="cmd"></param>
            <param name="parameters"></param>
            <param name="timeoutMs"></param>
            <returns>0 if successful, else -1.</returns>
        </member>
        <member name="M:GoIOdotNET.GoIO.Sensor_SendCmdAndGetResponse3(System.IntPtr,System.Byte,System.Object@,System.UInt32@,System.Int32)">
            <summary>
            Sensor_SendCmdAndGetResponse3() is the same as Sensor_SendCmdAndGetResponse1() except that no parameter block is sent
            to the device. That works fine for commands that do not require parameters.
            </summary>
            <param name="hSensor"></param>
            <param name="cmd"></param>
            <param name="response"></param>
            <param name="nRespBytes"></param>
            <param name="timeoutMs"></param>
            <returns>0 if successful, else -1.</returns>
        </member>
        <member name="M:GoIOdotNET.GoIO.Sensor_SendCmdAndGetResponse4(System.IntPtr,System.Byte,System.Int32)">
            <summary>
            Sensor_SendCmdAndGetResponse4() is the same as Sensor_SendCmdAndGetResponse1() except that no parameter block is sent
            to the device and no response block is returned by the function. That works fine for commands that do not require 
            parameters when the caller is only interested in success or failure.
            
            </summary>
            <param name="hSensor"></param>
            <param name="cmd"></param>
            <param name="timeoutMs"></param>
            <returns>0 if successful, else -1.</returns>
        </member>
        <member name="M:GoIOdotNET.GoIO.Sensor_GetLastCmdResponseStatus(System.IntPtr,System.Byte@,System.Byte@,System.Byte@,System.Byte@)">
            <summary>
            GoIO_Sensor_GetLastCmdResponseStatus().
            </summary>
            <param name="hSensor">[in] handle to open sensor.</param>
            <param name="LastCmd">[out] last cmd sent to the sensor.</param>
            <param name="LastCmdStatus">[out] status of last command sent to the sensor.
            <para>
            If command ran successfully and the device reported good status, then this will be be GoIODefaultCmdResponse.STATUS_SUCCESS(aka 0).
            </para>
            <para>
            If no response was reported back from the device, then this will be GoIODefaultCmdResponse.STATUS_ERROR_COMMUNICATION.
            </para>
            <para>
            If the device reported a failure, then this will be a cmd specific error, eg GoIODefaultCmdResponse.STATUS_ERROR_...
            </para>
            </param>
            <param name="LastCmdWithErrorRespSentOvertheWire">[out] last cmd sent that caused the device to report back an error.</param>
            <param name="LastErrorSentOvertheWire">[out] last error that came back from the device 'over the wire'.</param>
            <returns>0 if hSensor is valid, else -1</returns>
        </member>
        <member name="M:GoIOdotNET.GoIO.Sensor_ReadRawMeasurements(System.IntPtr,System.Int32[],System.UInt32)">
            <summary>
            Retrieve measurements from the GoIO Measurement Buffer. The measurements reported
            by this routine are actually removed from the GoIO Measurement Buffer.
            <para>
            After SKIP_CMD_ID_START_MEASUREMENTS has been sent to the sensor, the sensor starts
            sending measurements to the host computer at the rate specified by GoIO_Sensor_SetMeasurementPeriod(). 
            These measurements are stored in the GoIO Measurement Buffer. 
            A separate GoIO Measurement Buffer is maintained for each open sensor. 
            </para>
            <para>
            Note that for Go! Temp and Go! Link, raw measurements range from -32768 to 32767.
            Go! Motion raw measurements are in microns and can range into the millions.
            </para>
            <para>
            To convert a raw measurement to a voltage use GoIO_Sensor_ConvertToVoltage().
            To convert a voltage to a sensor specific calibrated unit, use GoIO_Sensor_CalibrateData().
            </para>
            <para>
            WARNING!!! IF YOU ARE COLLECTING MORE THAN 50 MEASUREMENTS A SECOND FROM GO! LINK,
            READ THIS: The GoIO Measurement Buffer is packet oriented. If you are collecting 50 or
            less measurements per second, then each packet contains only 1 measurement, and there is
            no problem.
            </para>
            <para>
            If you are collecting more than 50 measurements a second, then each packet may contain 2 
            or 3 measurements. Depending on the exact measurement period, all the packets will 
            contain 2, or all the packets will contain 3 measurements. IF THE LAST MEASUREMENT COPIED
            INTO THE measurements ARRAY ARGUMENT IS NOT THE LAST MEASUREMENT IN ITS PACKET, THEN MEASUREMENTS WILL
            BE LOST.
            </para>
            <para>
            There are a couple of safe workarounds to this problem:
            </para>
            <para>
            1) Always set the maxCount parameter to a multiple of 6, or
            </para>
            <para>
            2) Always set the maxCount parameter to GoIO_Sensor_GetNumMeasurementsAvailable().		
            </para>
            <para>
            </para>
            </summary>
            <param name="hSensor">[in] Handle to open device.</param>
            <param name="measurements">[out]Loc to store measurements.</param>
            <param name="maxCount">Maximum number of measurements to copy to measurements array. The measurements 
            array passed in must be allocated with a length of at least maxCount elements.
            If you are taking measurements faster than 50 hertz from GoLink, then you MUST set maxCount to either a multiple of
            6, or to the value returned by GoIO_Sensor_GetNumMeasurementsAvailable().</param>
            <returns>Number of measurements retrieved from the GoIO Measurement Buffer. This routine returns 
            immediately, so the return value may be less than maxCount. Return value less than 0 implies error.</returns>
        </member>
        <member name="M:GoIOdotNET.GoIO.Sensor_GetLatestRawMeasurement(System.IntPtr)">
            <summary>
            Report the most recent measurement put in the GoIO Measurement Buffer. If no 
            measurements have been placed in the GoIO Measurement Buffer since it was
            created byGoIO_Sensor_Open(), then report a value of 0. 
            <para>
            This routine also empties the GoIO Measurement Buffer, so GoIO_Sensor_GetNumMeasurementsAvailable()
            will report 0 after calling GoIO_Sensor_GetLatestRawMeasurement().
            </para>
            <para>
            After SKIP_CMD_ID_START_MEASUREMENTS has been sent to the sensor, the sensor starts
            sending measurements to the host computer. These measurements are stored in the 
            GoIO Measurement Buffer. A separate GoIO Measurement Buffer is maintained for each
            open sensor. See the description of GoIO_Sensor_GetNumMeasurementsAvailable().
            </para>
            <para>
            Note that for Go! Temp and Go! Link, raw measurements range from -32768 to 32767.
            Go! Motion raw measurements are in microns and can range into the millions.
            </para>
            <para>
            To convert a raw measurement to a voltage use GoIO_Sensor_ConvertToVoltage().
            To convert a voltage to a sensor specific calibrated unit, use GoIO_Sensor_CalibrateData().
            </para>
            </summary>
            <param name="hSensor"></param>
            <returns>most recent measurement put in the GoIO Measurement Buffer. If no 
            measurements have been placed in the GoIO Measurement Buffer since it was
            created byGoIO_Sensor_Open(), then report a value of 0.</returns>
        </member>
        <member name="M:GoIOdotNET.GoIO.Sensor_ConvertToVoltage(System.IntPtr,System.Int32)">
            <summary>
            Convert a raw measurement integer value into a real voltage value.
            Depending on the type of sensor(see GoIO_Sensor_GetProbeType()), the voltage
            may range from 0.0 to 5.0, or from -10.0 to 10.0 . For Go! Motion, voltage returned is simply distance
            in meters.
            </summary>
            <param name="hSensor"></param>
            <param name="rawMeasurement"></param>
            <returns></returns>
        </member>
        <member name="M:GoIOdotNET.GoIO.Sensor_GetProbeType(System.IntPtr)">
            <summary>
            GoIO_Sensor_GetProbeType()
            </summary>
            <param name="hSensor"></param>
            <returns>VSTSensorDDSMemRec.kProbeType...</returns>
        </member>
        <member name="M:GoIOdotNET.GoIO.Sensor_DDSMem_ReadRecord(System.IntPtr,System.Byte,System.Int32)">
            <summary>
            GoIO_Sensor_DDSMem_ReadRecord().
            Read VSTSensorDDSMemRec from nonvolatile memory on the sensor into the local computer memory record associated with hSensor. This routine only
            works on 'smart' sensors. If GoIO_Sensor_DDSMem_ReadRecord() succeeds, then individual fields in the DDS record can be retrieved using
            the other GoIO_Sensor_DDSMem_Get... routines.
            </summary>
            <param name="hSensor"></param>
            <param name="strictDDSValidationFlag">insist on exactly valid checksum if 1, else use a more lax validation test.</param>
            <param name="timeoutMs">READ_DDSMEMBLOCK_TIMEOUT_MS is recommended.</param>
            <returns>0 iff successful, else -1</returns>
        </member>
        <member name="M:GoIOdotNET.GoIO.Sensor_DDSMem_WriteRecord(System.IntPtr,System.Int32)">
            <summary>
            GoIO_Sensor_DDSMem_WriteRecord().
            <para>
            Write the data currently stored in the local computer memory copy of the VSTSensorDDSMemRec to the nonvolatile memory
            physically located on the 'smart' sensor. The local computer copy of the VSTSensorDDSMemRec is usually initialized with a call to
            GoIO_Sensor_DDSMem_ReadRecord() followed by calls to the GoIO_Sensor_DDSMem_Set... routines.
            </para>
            <para>
            WARNING: Be careful about using this routine. Changing a smart sensor's DDS memory can cause the sensor
            to stop working with Logger Pro.
            </para>
            </summary>
            <param name="hSensor"></param>
            <param name="timeoutMs">WRITE_DDSMEMBLOCK_TIMEOUT_MS is recommended.</param>
            <returns>0 iff successful, else -1</returns>
        </member>
        <member name="M:GoIOdotNET.GoIO.Sensor_DDSMem_GetSensorNumber(System.IntPtr,System.Byte@,System.Byte,System.Int32)">
            <summary>
            GoIO_Sensor_DDSMem_GetSensorNumber().
            Retrieve the sensor number that identifies the sensor. In general, the combination of sensor number and probe type uniquely identify
            the type of sensor. As it happens, when using Go interfaces, the sensor number provides enough info to uniquely id a sensor.
            <para>
            A reported SensorNumber == 0 indicates that no sensor is plugged into the interface.
            </para>
            </summary>
            <param name="hSensor"></param>
            <param name="SensorNumber"></param>
            <param name="sendQueryToHardwareflag">
            If sendQueryToHardwareflag != 0, then send a CMD_ID_GET_SENSOR_ID to the sensor hardware. The sensor number is returned from the hardware
            and stored in the local computer VSTSensorDDSMemRec.SensorNumber field associated with hSensor. This updated sensor number value is also
            written to the SensorNumber output.
            </param>
            <param name="timeoutMs"># of milliseconds to wait for a reply before giving up. GoIO.TIMEOUT_MS_DEFAULT is recommended.</param>
            <returns></returns>
        </member>
        <member name="M:GoIOdotNET.GoIO.Sensor_DDSMem_SetOperationType(System.IntPtr,System.Byte)">
            <summary>
            GoIO_Sensor_DDSMem_SetOperationType() can change the probe type. See GoIO_Sensor_GetProbeType().
            </summary>
            <param name="hSensor"></param>
            <param name="OperationType"></param>
            <returns></returns>
        </member>
        <member name="M:GoIOdotNET.GoIO.Diags_SetDebugTraceThreshold(System.Int32)">
            <summary>
            GoIO_Diags_SetDebugTraceThreshold().
            </summary>
            <param name="threshold">Only trace messages marked with a severity >= threshold(GoIO.TRACE_SEVERITY_) are actually sent to the debug output.</param>
            <returns></returns>
        </member>
        <member name="T:GoIOdotNET.GoIO_ParmBlk">
            <summary>
            GoIO_ParmBlk defines the GoIO.Sensor_SendCmdAndGetResponse() protocol used with GoTemp, GoLink, and GoMotion devices.
            </summary>
        </member>
        <member name="F:GoIOdotNET.GoIO_ParmBlk.CMD_ID_GET_STATUS">
            <summary>
            Used with GoIO.Sensor_SendCmdAndGetResponseN().
            <para>
            parameters: none
            </para>
            <para>
            response: GoIOGetStatusCmdResponsePayload
            </para>
            </summary>
        </member>
        <member name="F:GoIOdotNET.GoIO_ParmBlk.CMD_ID_START_MEASUREMENTS">
            <summary>
            Used with GoIO.Sensor_SendCmdAndGetResponseN().
            <para>
            parameters: none
            </para>
            <para>
            response: GoIODefaultCmdResponse
            </para>
            </summary>
        </member>
        <member name="F:GoIOdotNET.GoIO_ParmBlk.CMD_ID_STOP_MEASUREMENTS">
            <summary>
            Used with GoIO.Sensor_SendCmdAndGetResponseN().
            <para>
            parameters: none
            </para>
            <para>
            response: GoIODefaultCmdResponse
            </para>
            </summary>
        </member>
        <member name="F:GoIOdotNET.GoIO_ParmBlk.CMD_ID_INIT">
            <summary>
            Used with GoIO.Sensor_SendCmdAndGetResponseN().
            Direct use of this command by application programs is not recommended. This command gets sent automatically by the GoIO
            library by GoIO_Sensor_Open().
            <para>
            parameters: none
            </para>
            <para>
            response: GoIODefaultCmdResponse
            </para>
            </summary>
        </member>
        <member name="F:GoIOdotNET.GoIO_ParmBlk.CMD_ID_SET_MEASUREMENT_PERIOD">
            <summary>
            Used with GoIO.Sensor_SendCmdAndGetResponseN().
            Direct use of this command by application programs is not recommended. Instead, call
            GoIO_Sensor_SetMeasurementPeriod().
            <para>
            parameters: GoIOSetMeasurementPeriodParams
            </para>
            <para>
            response: GoIODefaultCmdResponse
            </para>
            </summary>
        </member>
        <member name="F:GoIOdotNET.GoIO_ParmBlk.CMD_ID_GET_MEASUREMENT_PERIOD">
            <summary>
            Used with GoIO.Sensor_SendCmdAndGetResponseN().
            Direct use of this command by application programs is not recommended. Instead, call
            GoIO_Sensor_GetMeasurementPeriod().
            <para>
            parameters: none
            </para>
            <para>
            response: GoIOSetMeasurementPeriodParams
            </para>
            </summary>
        </member>
        <member name="F:GoIOdotNET.GoIO_ParmBlk.CMD_ID_SET_LED_STATE">
            <summary>
            Used with GoIO.Sensor_SendCmdAndGetResponseN().
            <para>
            parameters: GoIOSetLedStateParams
            </para>
            <para>
            response: GoIODefaultCmdResponse
            </para>
            </summary>
        </member>
        <member name="F:GoIOdotNET.GoIO_ParmBlk.CMD_ID_GET_LED_STATE">
            <summary>
            Used with GoIO.Sensor_SendCmdAndGetResponseN().
            <para>
            parameters: none
            </para>
            <para>
            response: GoIOSetLedStateParams
            </para>
            </summary>
        </member>
        <member name="F:GoIOdotNET.GoIO_ParmBlk.CMD_ID_GET_SERIAL_NUMBER">
            <summary>
            Used with GoIO.Sensor_SendCmdAndGetResponseN().
            This command is supported by GoTemp and GoLink, but not GoMotion.
            <para>
            parameters: none
            </para>
            <para>
            response: GoIOSerialNumber
            </para>
            </summary>
        </member>
        <member name="F:GoIOdotNET.GoIO_ParmBlk.CMD_ID_SET_ANALOG_INPUT_CHANNEL">
            <summary>
            Used with GoIO.Sensor_SendCmdAndGetResponseN().
            <para>
            parameters: GoIOSetAnalogInputParams
            </para>
            <para>
            response: GoIODefaultCmdResponse
            </para>
            </summary>
        </member>
        <member name="F:GoIOdotNET.GoIO_ParmBlk.CMD_ID_GET_ANALOG_INPUT_CHANNEL">
            <summary>
            Used with GoIO.Sensor_SendCmdAndGetResponseN().
            <para>
            parameters: none
            </para>
            <para>
            response: GoIOSetAnalogInputParams
            </para>
            </summary>
        </member>
        <member name="F:GoIOdotNET.GoIO_ParmBlk.CMD_ID_GET_SENSOR_ID">
            <summary>
            Used with GoIO.Sensor_SendCmdAndGetResponseN().
            Direct use of this command by application programs is not recommended. 
            Instead, call GoIO_Sensor_DDSMem_GetSensorNumber(sendQueryToHardwareflag=1).
            <para>
            parameters: none
            </para>
            <para>
            response: GoIOGetSensorIdCmdResponsePayload
            </para>
            </summary>
        </member>
        <member name="F:GoIOdotNET.GoIODefaultCmdResponse.STATUS_ERROR_COMMUNICATION">
            <summary>
            GoIO.Sensor_GetLastCmdResponseStatus() reports LastCmdStatus as GoIODefaultCmdResponse.STATUS_ERROR_COMMUNICATION if the
            most recent call to GoIO.SendCmdAndGetResponse() did not result in any response being sent back from the device.
            </summary>
        </member>
        <member name="F:GoIOdotNET.GoIODefaultCmdResponse.status">
            <summary>
            GoIODefaultCmdResponse.STATUS_...
            </summary>
        </member>
        <member name="T:GoIOdotNET.GoIOSetMeasurementPeriodParams">
            <summary>
            Parameter block passed into SendCmdAndGetResponse() with CMD_ID_SET_MEASUREMENT_PERIOD.
            This is also the response payload returned by SendCmdAndGetResponse() for CMD_ID_GET_MEASUREMENT_PERIOD.
            Direct use of the GoIOSetMeasurementPeriodParams struct is not recommended. 
            Use GoIO.Sensor_SetMeasurementPeriod() instead.
            </summary>
        </member>
        <member name="F:GoIOdotNET.GoIOSetMeasurementPeriodParams.lsbyteLswordMeasurementPeriod">
            <summary>
            Measurement period in device 'ticks', which are milliseconds for the GoLink.
            </summary>
        </member>
        <member name="T:GoIOdotNET.GoIOSetLedStateParams">
            <summary>
            Parameter block passed into SendCmdAndGetResponse() with CMD_ID_SET_LED_STATE.
            This is also the response payload returned by SendCmdAndGetResponse() for CMD_ID_GET_LED_STATE.
            </summary>
        </member>
        <member name="T:GoIOdotNET.GoIOGetStatusCmdResponsePayload">
            <summary>
            This is the response payload returned by SendCmdAndGetResponse() for CMD_ID_GET_STATUS.
            </summary>
        </member>
        <member name="F:GoIOdotNET.GoIOGetStatusCmdResponsePayload.GO_MOTION_MASK_STATUS_BATTERY_STATE_GOOD">
            <summary>
            ((status AND GO_MOTION_MASK_STATUS_BATTERY_STATE) == GO_MOTION_MASK_STATUS_BATTERY_STATE_GOOD) => good batteries.
            </summary>
        </member>
        <member name="F:GoIOdotNET.GoIOGetStatusCmdResponsePayload.GO_MOTION_MASK_STATUS_BATTERY_STATE_LOW_WHILE_SAMPLING">
            <summary>
            ((status AND GO_MOTION_MASK_STATUS_BATTERY_STATE) == GO_MOTION_MASK_STATUS_BATTERY_STATE_LOW_WHILE_SAMPLING) 
            => marginal batteries.
            </summary>
        </member>
        <member name="F:GoIOdotNET.GoIOGetStatusCmdResponsePayload.GO_MOTION_MASK_STATUS_BATTERY_STATE_LOW_ALWAYS">
            <summary>
            ((status AND GO_MOTION_MASK_STATUS_BATTERY_STATE) == GO_MOTION_MASK_STATUS_BATTERY_STATE_LOW_ALWAYS) 
            => bad batteries.
            </summary>
        </member>
        <member name="F:GoIOdotNET.GoIOGetStatusCmdResponsePayload.GO_MOTION_MASK_STATUS_BATTERY_STATE_MISSING">
            <summary>
            ((status AND GO_MOTION_MASK_STATUS_BATTERY_STATE) == GO_MOTION_MASK_STATUS_BATTERY_STATE_MISSING) 
            => no batteries present.
            </summary>
        </member>
        <member name="F:GoIOdotNET.GoIOGetStatusCmdResponsePayload.status">
            <summary>
            See MASK_STATUS_ .
            </summary>
        </member>
        <member name="F:GoIOdotNET.GoIOGetStatusCmdResponsePayload.minorVersionMasterCPU">
            <summary>
            Binary coded decimal.
            </summary>
        </member>
        <member name="F:GoIOdotNET.GoIOGetStatusCmdResponsePayload.majorVersionMasterCPU">
            <summary>
            Binary coded decimal.
            </summary>
        </member>
        <member name="F:GoIOdotNET.GoIOGetStatusCmdResponsePayload.minorVersionSlaveCPU">
            <summary>
            Binary coded decimal - updated by GoLink and GoMotion, but not by GoTemp.
            </summary>
        </member>
        <member name="F:GoIOdotNET.GoIOGetStatusCmdResponsePayload.majorVersionSlaveCPU">
            <summary>
            Binary coded decimal - updated by GoLink and GoMotion, but not by GoTemp.
            </summary>
        </member>
        <member name="F:GoIOdotNET.GoIOSerialNumber.ww">
            <summary>
            week in year(starting at 1) in BCD format
            </summary>
        </member>
        <member name="F:GoIOdotNET.GoIOSerialNumber.yy">
            <summary>
            last two digits of year in BCD format
            </summary>
        </member>
        <member name="T:GoIOdotNET.GoIOGetSensorIdCmdResponsePayload">
            <summary>
            This is the response payload returned by SendCmdAndGetResponse() for CMD_ID_GET_SENSOR_ID.
            </summary>
        </member>
        <member name="T:GoIOdotNET.GoIOSetAnalogInputParams">
            <summary>
            Parameter block passed into SendCmdAndGetResponse() with CMD_ID_SET_ANALOG_INPUT_CHANNEL.
            This is also the response returned by SendCmdAndGetResponse() for CMD_ID_GET_ANALOG_INPUT_CHANNEL.
            </summary>
        </member>
        <member name="F:GoIOdotNET.GoIOSetAnalogInputParams.ANALOG_INPUT_CHANNEL_VIN">
            <summary>
            Used for +/- 10 volt probes.
            </summary>
        </member>
        <member name="F:GoIOdotNET.GoIOSetAnalogInputParams.ANALOG_INPUT_CHANNEL_VIN_LOW">
            <summary>
            Used for 5 volt probes.
            </summary>
        </member>
        <member name="F:GoIOdotNET.GoIOSetAnalogInputParams.analogInputChannel">
            <summary>
            ANALOG_INPUT_... 
            </summary>
        </member>
    </members>
</doc>
